precinct,arrival_time,voting_duration,start_time
Downtown,6.778382337592356,2.1067422906561966,6.778382337592356
Downtown,7.0114121007335966,5.132634288656083,8.885124628248553
Downtown,25.269021523693226,2.675518167113834,25.269021523693226
Downtown,26.885751280514842,1.0992512546497564,27.944539690807062
Downtown,33.48335643173085,10.077384767333019,33.48335643173085
