precinct,arrival_time,voting_duration,start_time
Tundra Town,18.640551428378977,2.1067422906561966,18.640551428378977
Tundra Town,19.281383277017387,5.132634288656083,20.747293719035174
